strategy,scope,classification,total_return,cagr,mdd,volatility,sharpe,sortino,calmar,profit_factor,win_rate,avg_win_usdt,avg_loss_usdt,expectancy_usdt,trade_count,exposure,time_exposure_observed_bars,avg_holding_period_bars,avg_holding_period_hours,total_fees_usdt,slippage_cost_usdt,sample_start,sample_end,observed_bars,source_gap_count,data_quality,risk_metric_quality,terminal_exits,net_pnl_usdt,stop_exit_count,max_holding_hours
meanrev_rsi_v0.1,shared_portfolio,NEGATIVE_DIAGNOSTIC,-0.012174068506460189,-0.00202109586640975,-0.034012953189338613,0.012026559396201101,-0.16220802663713954,-0.21983186510016658,-0.059421357950278308,0.82028151328686183,0.69047619047619047,191.605474876833,-521.07427862108807,-28.985877396333052,42,0.0032119422821467692,0.030696130929934385,12.380952380952381,46.761904761904759,768.65437102807277,384.3271694076663,2020-09-13 16:00:00+00:00,2026-10-02 12:00:00+00:00,13259,0,CONTINUOUS,STANDARD_4H,0,-1217.4068506459882,13,124
meanrev_rsi_v0.1,asset_contribution/BTCUSDT,NOT_SEPARATELY_CLASSIFIED,0.0073079702454510453,0.001203397773683168,-0.014798780055276906,0.0077178071538250934,0.15969056698631026,0.22480770336182898,0.081317363268336704,1.3455681901792091,0.77777777777777779,203.25474261380614,-528.69234301204381,40.599834696950573,18,0.001802516078299052,0.01757296930386907,13.944444444444445,52.666666666666664,404.98965742335844,202.49516328211837,2020-09-13 16:00:00+00:00,2026-10-02 12:00:00+00:00,13259,0,CONTINUOUS,STANDARD_4H,0,730.79702454511028,4,124
meanrev_rsi_v0.1,asset_contribution/ETHUSDT,NOT_SEPARATELY_CLASSIFIED,-0.0086894243315591702,-0.0014404729898256363,-0.02005324557538124,0.0056253628511863949,-0.25343810049552629,-0.32498050945487478,-0.071832411586983266,0.58286364874520891,0.69230769230769229,134.90791456645442,-520.77841606350057,-66.841725627377883,13,0.001060896038881709,0.01289690021871936,14.153846153846153,53.846153846153847,212.15637083098449,106.07804773847666,2020-09-13 16:00:00+00:00,2026-10-02 12:00:00+00:00,13259,0,CONTINUOUS,STANDARD_4H,0,-868.94243315591257,4,96
meanrev_rsi_v0.1,asset_contribution/SOLUSDT,NOT_SEPARATELY_CLASSIFIED,-0.010792614420351843,-0.0017907091881467219,-0.015967946716505588,0.0048676718918062517,-0.36577294425099383,-0.4683051438663221,-0.11214398569452386,0.58104548045311744,0.54545454545454541,249.47019062279693,-515.21651715439339,-98.114676548653236,11,0.0003485301649660076,0.0055811147145335242,7.7272727272727275,28.727272727272727,151.50834277372985,75.753958387071251,2020-09-13 16:00:00+00:00,2026-10-02 12:00:00+00:00,13259,0,CONTINUOUS,STANDARD_4H,0,-1079.2614420351856,5,112
meanrev_bollinger_v0.1,shared_portfolio,NEGATIVE_DIAGNOSTIC,-0.00051976351060323278,-8.5868400699573577e-05,-0.093346643396891138,0.02979549278588841,0.012019287783220371,0.016657951404885785,-0.00091988739578431785,0.99871122064477857,0.66666666666666663,201.38965138476124,-403.29906628012441,-0.17325450353392929,300,0.016528456963682554,0.12444377404027453,8.3266666666666662,30.280000000000001,6201.1452468016687,3100.574935836471,2020-09-13 16:00:00+00:00,2026-10-02 12:00:00+00:00,13259,0,CONTINUOUS,STANDARD_4H,0,-51.976351060178786,73,108
meanrev_bollinger_v0.1,asset_contribution/BTCUSDT,NOT_SEPARATELY_CLASSIFIED,-0.045278318771143522,-0.0076240470913940817,-0.062818972644344107,0.015477094434479716,-0.48674681842341799,-0.64723153823545332,-0.12136535779657504,0.7308197541220236,0.61904761904761907,189.12286068596154,-420.52044554254633,-43.122208353470029,105,0.0078597946494456689,0.060185534354023684,8.5999999999999996,31.542857142857144,2907.9118504879639,1453.9558837528091,2020-09-13 16:00:00+00:00,2026-10-02 12:00:00+00:00,13259,0,CONTINUOUS,STANDARD_4H,0,-4527.8318771143531,30,108
meanrev_bollinger_v0.1,asset_contribution/ETHUSDT,NOT_SEPARATELY_CLASSIFIED,0.039139650770466883,0.0063615714456797257,-0.026940624442510108,0.01358354901082786,0.47363811319863419,0.67784481615955527,0.23613303616087253,1.353833281260074,0.70408163265306123,217.03729188893357,-381.43476080309387,39.938419153537666,98,0.0052250752043453618,0.053774794479221663,8.2755102040816322,29.918367346938776,1958.0351997305788,979.01931262008645,2020-09-13 16:00:00+00:00,2026-10-02 12:00:00+00:00,13259,0,CONTINUOUS,STANDARD_4H,0,3913.9650770466915,20,104
meanrev_bollinger_v0.1,asset_contribution/SOLUSDT,NOT_SEPARATELY_CLASSIFIED,0.0056189044900747387,0.00092590982582074766,-0.035727410343811661,0.012990652992378423,0.077737702832897881,0.1086533452387194,0.02591595127971889,1.0451408972311547,0.68041237113402064,197.11168472770197,-401.53163687164022,5.7926850413142468,97,0.0034435871098915257,0.051813862282223393,8.0824742268041234,29.278350515463917,1335.1981965831237,667.59973946357536,2020-09-13 16:00:00+00:00,2026-10-02 12:00:00+00:00,13259,0,CONTINUOUS,STANDARD_4H,0,561.89044900748195,23,100
meanrev_shock_v0.1,shared_portfolio,NEGATIVE_DIAGNOSTIC,-0.073295995408912407,-0.012494270259884477,-0.099269816784600895,0.022358234904511425,-0.55115863880531724,-0.74309063053520297,-0.12586172378050198,0.69411178154132591,0.54716981132075471,191.1734864525356,-332.80128975363584,-46.09811032007034,159,0.0090045814171360958,0.070819820499283509,8.7106918238993707,31.924528301886792,2925.4790975428105,1462.7388134258358,2020-09-13 16:00:00+00:00,2026-10-02 12:00:00+00:00,13259,0,CONTINUOUS,STANDARD_4H,0,-7329.599540891184,43,128
meanrev_shock_v0.1,asset_contribution/BTCUSDT,NOT_SEPARATELY_CLASSIFIED,-0.0074476598405914807,-0.0012339778500207732,-0.033112740998118451,0.011490288826825689,-0.10171296959956828,-0.13954631224792849,-0.037265953008568241,0.90185626194096991,0.60317460317460314,180.09886092847674,-303.54090797365075,-11.821682286653221,63,0.0047164507816101677,0.038389018779696811,9.0793650793650791,33.142857142857146,1490.8625505322825,745.43164814811917,2020-09-13 16:00:00+00:00,2026-10-02 12:00:00+00:00,13259,0,CONTINUOUS,STANDARD_4H,0,-744.76598405915297,13,128
meanrev_shock_v0.1,asset_contribution/ETHUSDT,NOT_SEPARATELY_CLASSIFIED,-0.031424761508694221,-0.0052598762561271162,-0.04451491018209508,0.01098804328838711,-0.47445863283526529,-0.62576440857213445,-0.11815987574973832,0.65095915829310758,0.54545454545454541,195.35666371902133,-360.12704249760259,-57.135930015807688,55,0.0029408192179265985,0.031827437966664152,8.672727272727272,31.854545454545455,976.12599061486401,488.06257573547526,2020-09-13 16:00:00+00:00,2026-10-02 12:00:00+00:00,13259,0,CONTINUOUS,STANDARD_4H,0,-3142.4761508694228,16,108
meanrev_shock_v0.1,asset_contribution/SOLUSDT,NOT_SEPARATELY_CLASSIFIED,-0.03442357405962615,-0.0057692316437191193,-0.040727082322565167,0.0084342725859239565,-0.68178464107578607,-0.89896760535175557,-0.14165590350975449,0.53292263751768776,0.46341463414634149,206.71772076409684,-334.99973184002039,-83.959936730795349,41,0.0013473114175993283,0.022249038389018781,8.1951219512195124,30.146341463414632,458.49055639566461,229.24458954224158,2020-09-13 16:00:00+00:00,2026-10-02 12:00:00+00:00,13259,0,CONTINUOUS,STANDARD_4H,0,-3442.3574059626094,14,100
equal_weight_buy_hold,benchmark,BENCHMARK_NOT_CLASSIFIED,17.469059973062134,0.61874982333873163,-0.92391787970932326,0.86036045833510832,0.99008322620878919,1.426843257667455,0.66970218558103722,,1,582301.99910207104,,582301.99910207104,3,0.99992457953088465,1,13259,53036,1948.6548519583712,974.7648833332496,2020-09-13 16:00:00+00:00,2026-10-02 12:00:00+00:00,13259,0,CONTINUOUS,STANDARD_4H,3,1746905.9973062132,0,53036
