signal_time,entry_time,entry_bar,entry_price_raw,entry_fill,quantity,entry_atr,initial_stop,entry_fee,entry_equity,cash_scale,strategy_id,strategy_version,symbol,exit_signal_time,exit_time,exit_price_raw,exit_fill,exit_fee,slippage_cost,gross_pnl,net_pnl,return_pct,bars_held,exit_reason
2020-10-13 00:00:00+00:00,2020-10-13 00:00:00+00:00,176,386.51,386.70325499999996,25.313463436251144,6.596089222746256,366.9149873317612,9.788798706121801,100181.91801734254,1.0,trend_ma,0.1,ETHUSDT,,2020-10-16 04:00:00+00:00,366.9149873317612,366.73152983809535,9.283245171477072,9.535897934388741,-505.5535346447291,-524.625578522328,-0.053540939269444345,20,STOP
2020-11-16 12:00:00+00:00,2020-11-16 12:00:00+00:00,383,2.2704,2.2715351999999998,1570.3923340646745,0.11276826523904152,1.9332304042828752,3.567201464638067,106254.25155429763,1.0,trend_ma,0.1,SOLUSDT,,2020-11-26 00:00:00+00:00,1.9332304042828752,1.932263789080734,3.0344122417631456,3.3006744810628725,-532.7892228749212,-539.3908365813223,-0.15105734563590126,58,STOP
2021-03-08 00:00:00+00:00,2021-03-08 00:00:00+00:00,1052,1726.46,1727.32323,4.925252499960572,58.49587955338426,1551.8355913398473,8.50750305679747,172864.186204619,1.0,trend_ma,0.1,ETHUSDT,,2021-03-24 20:00:00+00:00,1551.8355913398473,1551.0596735441775,7.639360534711489,8.073216778427122,-868.1425220859811,-884.28938567749,-0.10383845574900541,102,STOP
2020-10-10 08:00:00+00:00,2020-10-10 08:00:00+00:00,160,11381.35,11387.040675,1.401392928939447,118.92929044018904,11030.252803679434,15.957718283490868,100000.0,1.0,trend_ma,0.1,BTCUSDT,2021-04-22 12:00:00+00:00,2021-04-22 12:00:00+00:00,54866.63,54839.196685,76.85126246307856,46.419725364253374,60893.5441795877,60800.735198841125,3.8063082782001696,1166,SIGNAL
2021-05-06 12:00:00+00:00,2021-05-06 12:00:00+00:00,1409,57988.0,58016.994,0.28460143003853455,1403.1660898872824,53807.49573033815,16.511719458937076,239605.8454580997,1.0,trend_ma,0.1,BTCUSDT,,2021-05-10 20:00:00+00:00,53807.49573033815,53780.591982472986,15.306033386530759,15.908578978359401,-1205.6860724063206,-1237.5038252517884,-0.07487212708334602,27,STOP
2021-03-28 00:00:00+00:00,2021-03-28 00:00:00+00:00,1172,1712.52,1713.3762599999998,7.926148999978907,38.45867380232111,1598.0002385930366,13.580475529786598,182897.50733926948,1.0,trend_ma,0.1,ETHUSDT,2021-05-22 08:00:00+00:00,2021-05-22 08:00:00+00:00,2248.56,2247.43572,17.813510384594878,15.698055140416574,4233.034854808277,4201.640868893895,0.3090792672364091,333,SIGNAL
2021-01-03 20:00:00+00:00,2021-01-03 20:00:00+00:00,673,1.9638,1.9647819,1560.0947649199943,0.13769793975198596,1.551688080744042,3.06524595639956,128893.10096840526,1.0,trend_ma,0.1,SOLUSDT,2021-05-23 16:00:00+00:00,2021-05-23 16:00:00+00:00,22.904,22.892548,35.71454429047969,19.39806229753629,32649.29833408013,32610.51854383325,10.628165265242236,840,SIGNAL
2021-06-07 00:00:00+00:00,2021-06-07 00:00:00+00:00,1598,42.2,42.2211,142.75526724319468,2.2699347484707713,35.411295754587684,6.027284413801647,194427.08498553533,1.0,trend_ma,0.1,SOLUSDT,,2021-06-08 00:00:00+00:00,35.411295754587684,35.39359010671039,5.052621414379534,5.5397106332677835,-974.6629994221137,-985.7429052502949,-0.16338338785676546,7,STOP
2021-07-27 00:00:00+00:00,2021-07-27 00:00:00+00:00,1898,37241.33,37259.950665,0.31520723346976054,1022.8262633808013,34191.47187485759,11.744605968334414,193441.34208028502,1.0,trend_ma,0.1,BTCUSDT,2021-09-21 04:00:00+00:00,2021-09-21 04:00:00+00:00,42683.02,42661.67849,13.447269652009291,12.596366625182315,1702.6636836748773,1677.4718080545338,0.1426864397631339,338,SIGNAL
2021-07-27 20:00:00+00:00,2021-07-27 20:00:00+00:00,1903,2229.36,2230.47468,4.700539420369341,68.64459659804734,2024.5408902058577,10.484434159475692,193599.9793826836,1.0,trend_ma,0.1,ETHUSDT,2021-09-21 16:00:00+00:00,2021-09-21 16:00:00+00:00,3035.26,3033.7423700000004,14.260225601429713,12.3732769216301,3775.7914419540225,3751.046782193117,0.3574155195894523,336,SIGNAL
2021-10-03 20:00:00+00:00,2021-10-03 20:00:00+00:00,2311,48774.76,48799.14738,0.4233285072200665,913.317888822881,46059.19371353136,20.65807021398742,231980.0990956637,1.0,trend_ma,0.1,BTCUSDT,2021-11-20 08:00:00+00:00,2021-11-20 08:00:00+00:00,58380.06,58350.86997,24.701586679392307,22.68084499601664,4043.5164654048863,3998.156808511507,0.19334635832350036,286,SIGNAL
2021-08-01 08:00:00+00:00,2021-08-01 08:00:00+00:00,1930,35.305,35.3226525,236.12723080514917,1.3869089209145742,31.161925737256276,8.340640119517579,196492.17772470962,1.0,trend_ma,0.1,SOLUSDT,2021-11-27 04:00:00+00:00,2021-11-27 04:00:00+00:00,195.39,195.292305,46.11383117720459,27.23668575529326,37773.19105768701,37718.73658639029,4.517765422186672,708,SIGNAL
2021-10-04 20:00:00+00:00,2021-10-04 20:00:00+00:00,2317,3415.8,3417.5079,4.254122592790599,90.38801122401705,3146.343866327949,14.538497568430353,230713.00839930063,1.0,trend_ma,0.1,ETHUSDT,2021-11-27 08:00:00+00:00,2021-11-27 08:00:00+00:00,4123.81,4121.748095000001,17.534421692731115,16.037212620912626,2995.92412430076,2963.8512050395984,0.20365861745950312,322,SIGNAL
2021-11-30 12:00:00+00:00,2021-11-30 12:00:00+00:00,2657,4590.47,4592.765235,3.6002394264820876,112.747411315204,4254.523001054387,16.53505447562327,243550.60527047407,1.0,trend_ma,0.1,ETHUSDT,,2021-12-03 16:00:00+00:00,4254.523001054387,4252.39573955386,15.309642798546262,15.922046264676021,-1225.4116770770079,-1257.2563743511776,-0.07595985703154794,20,STOP
2021-12-02 04:00:00+00:00,2021-12-02 04:00:00+00:00,2667,224.23,224.34211499999998,49.54894521282118,8.179379061957414,199.80397781412773,11.115915165063429,243167.76300949475,1.0,trend_ma,0.1,SOLUSDT,,2021-12-04 00:00:00+00:00,199.80397781412773,199.70407582522068,9.895126311840947,10.505218167542154,-1220.7888532224813,-1241.7998946993855,-0.11160208736236274,12,STOP
2021-12-08 16:00:00+00:00,2021-12-08 16:00:00+00:00,2706,4403.22,4405.42161,2.961407658776591,135.66270772562606,3998.433486823122,13.046249295993901,241051.54900142353,1.0,trend_ma,0.1,ETHUSDT,2021-12-10 00:00:00+00:00,2021-12-10 00:00:00+00:00,4105.64,4103.58718,12.152394503309436,12.599101585728764,-893.8547926844665,-919.0534364837698,-0.07037542211189526,9,SIGNAL
2022-02-10 16:00:00+00:00,2022-02-10 16:00:00+00:00,3090,3209.9,3211.50495,5.196833207059667,77.22790774989392,2979.821226750318,16.689655568796493,240804.33330383358,1.0,trend_ma,0.1,ETHUSDT,,2022-02-11 16:00:00+00:00,2979.821226750318,2978.3313161369433,15.47789108532619,16.083474406806946,-1211.7644834703055,-1243.9320301244284,-0.07445865708019858,7,STOP
2022-02-16 12:00:00+00:00,2022-02-16 12:00:00+00:00,3125,3135.64,3137.2078199999996,5.473243305221005,72.84604835962537,2918.6696749211237,17.170701697901983,239222.48789767508,1.0,trend_ma,0.1,ETHUSDT,,2022-02-17 16:00:00+00:00,2918.6696749211237,2917.210340083663,15.9666019637844,16.56835494799713,-1204.0997341175812,-1237.2370377792674,-0.07198314072939412,8,STOP
2022-02-09 04:00:00+00:00,2022-02-09 04:00:00+00:00,3081,43343.28,43364.95164,0.43659751157547155,916.6814178517893,40614.90738644463,18.933029975614662,240132.49556493975,1.0,trend_ma,0.1,BTCUSDT,,2022-02-17 20:00:00+00:00,40614.90738644463,40594.599932751415,17.723501314041073,18.327967844652814,-1209.5286615735913,-1246.1851928632473,-0.06575494013446834,53,STOP
2022-03-02 20:00:00+00:00,2022-03-02 20:00:00+00:00,3211,43704.41,43726.262205,0.34678741539146996,1136.1674367436678,40317.759894769,15.163717454801668,236405.14130417278,1.0,trend_ma,0.1,BTCUSDT,,2022-03-04 16:00:00+00:00,40317.759894769,40297.601014821616,13.974700902406665,14.568915566692896,-1189.016552395003,-1218.1549707522113,-0.08025327802016927,12,STOP
2022-03-19 12:00:00+00:00,2022-03-19 12:00:00+00:00,3311,41721.78,41742.640889999995,0.5231886382042962,749.2102884746519,39495.01002457604,21.83927544229007,235186.9863334206,1.0,trend_ma,0.1,BTCUSDT,,2022-04-11 20:00:00+00:00,39495.01002457604,39475.26251956375,20.653008840367654,21.24585088613939,-1186.2666019224143,-1228.758886205072,-0.05620751284052228,141,STOP
2022-03-25 04:00:00+00:00,2022-03-25 04:00:00+00:00,3345,103.5,103.55175,142.70989011770496,2.7748109151537754,95.22731725453868,14.777858863996055,237595.77647940218,1.0,trend_ma,0.1,SOLUSDT,2022-04-15 20:00:00+00:00,2022-04-15 20:00:00+00:00,100.38,100.32981,14.318056160630217,14.547846198598705,-459.80270336583885,-488.8986183904651,-0.033050133492086464,131,SIGNAL
2022-03-20 00:00:00+00:00,2022-03-20 00:00:00+00:00,3314,2950.85,2952.3254249999995,7.0151916669204795,55.927439222390845,2784.543107332827,20.711128719497463,235405.0233510707,1.0,trend_ma,0.1,ETHUSDT,2022-04-16 12:00:00+00:00,2022-04-16 12:00:00+00:00,3039.48,3037.9602600000003,21.311873500387573,21.01165654904739,600.7447808901155,558.7217786702305,0.02694993704180497,166,SIGNAL
2022-07-19 00:00:00+00:00,2022-07-19 00:00:00+00:00,4040,43.52,43.541760000000004,251.95698667742263,1.5480688039497157,38.897553588150856,10.970650644231535,234028.0506074953,1.0,trend_ma,0.1,SOLUSDT,,2022-07-23 16:00:00+00:00,38.897553588150856,38.878104811356785,9.795610135998462,10.382839225696848,-1175.0405082330724,-1195.8067690133023,-0.10889164148933897,29,STOP
2022-07-22 00:00:00+00:00,2022-07-22 00:00:00+00:00,4058,23152.19,23163.766095,0.6227204693350622,627.0516992953202,21282.61099711404,14.424551294246001,234286.75708951804,1.0,trend_ma,0.1,BTCUSDT,,2022-07-25 20:00:00+00:00,21282.61099711404,21271.969691615483,13.246490950044011,13.835230065866618,-1178.0603442019888,-1205.7313864462787,-0.0835053260940728,24,STOP
2022-07-28 12:00:00+00:00,2022-07-28 12:00:00+00:00,4097,23116.19,23127.748095,0.7610658255530683,509.04401847962083,21600.616039561137,17.60173869710458,232449.6037002264,1.0,trend_ma,0.1,BTCUSDT,,2022-08-19 04:00:00+00:00,21600.616039561137,21589.81573154136,16.43127093326415,17.0162164522956,-1170.4677638404314,-1204.5007734708001,-0.0683624212756177,131,STOP
2022-07-19 04:00:00+00:00,2022-07-19 04:00:00+00:00,4041,1516.24,1516.99812,6.691533178282191,58.252863110361474,1342.2395306689154,10.15104325137171,233880.5797397487,1.0,trend_ma,0.1,ETHUSDT,2022-08-27 00:00:00+00:00,2022-08-27 00:00:00+00:00,1508.18,1507.4259100000002,10.086990490567226,10.119003387529231,-64.05276080448333,-84.29079454642228,-0.00829536293691636,234,SIGNAL
2022-09-10 08:00:00+00:00,2022-09-10 08:00:00+00:00,4360,1711.0,1711.8555,9.24165808389255,41.53975379617903,1587.2362386114628,15.820383220030925,230337.72088401852,1.0,trend_ma,0.1,ETHUSDT,,2022-09-13 12:00:00+00:00,1587.2362386114628,1586.4426204921572,14.661360268303026,15.240585798573472,-1159.0229517278972,-1189.504695216231,-0.07511299583013963,20,STOP
2022-10-31 08:00:00+00:00,2022-10-31 08:00:00+00:00,4666,33.42,33.43671,483.31704058394234,0.7898212489270827,31.067246253218748,16.16053172406351,229040.44117305052,1.0,trend_ma,0.1,SOLUSDT,,2022-11-02 16:00:00+00:00,31.067246253218748,31.05171263009214,15.00782185343916,15.583892507254156,-1152.7098706243517,-1183.8782242018542,-0.07318419646502797,15,STOP
2022-10-26 16:00:00+00:00,2022-10-26 16:00:00+00:00,4638,1567.54,1568.32377,11.99930593938612,31.827982016395055,1472.839823950815,18.818796728241434,229148.21618880227,1.0,trend_ma,0.1,ETHUSDT,,2022-11-08 04:00:00+00:00,1472.839823950815,1472.1034040388395,17.66421911947377,18.241223839761542,-1154.5776087676593,-1191.0606246153745,-0.06322778076856901,76,STOP
2022-10-26 20:00:00+00:00,2022-10-26 20:00:00+00:00,4639,20764.52,20774.90226,1.4600936148904062,261.4909444040805,19990.429426787756,30.33330213979827,229080.75496563612,1.0,trend_ma,0.1,BTCUSDT,,2022-11-08 04:00:00+00:00,19990.429426787756,19980.434212074364,29.173304415787605,29.753020716611825,-1159.9977240106648,-1219.5043305662507,-0.040163317495304884,75,STOP
2022-12-14 12:00:00+00:00,2022-12-14 12:00:00+00:00,4931,1326.5,1327.1632499999998,22.173618821726553,16.953613121884935,1276.302410634345,29.42801201970378,225553.7730094188,1.0,trend_ma,0.1,ETHUSDT,,2022-12-15 12:00:00+00:00,1276.302410634345,1275.6642594290279,28.286093033079357,28.856774260834793,-1141.918986624422,-1199.6330916772051,-0.04072428189229237,7,STOP
2022-12-15 12:00:00+00:00,2022-12-15 12:00:00+00:00,4937,17720.33,17729.190165,2.078482994485958,180.20248749208025,17188.58270252376,36.849820263960204,224728.6834898144,1.0,trend_ma,0.1,BTCUSDT,,2022-12-16 08:00:00+00:00,17188.58270252376,17179.988411172497,35.70831375808787,36.27879070409318,-1141.5065058723287,-1214.0646398943768,-0.03291337052442727,6,STOP
2023-01-09 08:00:00+00:00,2023-01-09 08:00:00+00:00,5086,16.35,16.358175,642.452554633883,0.5825302236832907,14.610584328950127,10.509351317898117,224548.81821406638,1.0,trend_ma,0.1,SOLUSDT,2023-03-03 12:00:00+00:00,2023-03-03 12:00:00+00:00,21.14,21.129430000000003,13.57465628145781,12.042773136609291,3065.3049635596894,3041.2209559603334,0.2890932733415164,320,SIGNAL
2023-01-07 04:00:00+00:00,2023-01-07 04:00:00+00:00,5073,1266.53,1267.163265,32.385213923512424,11.483639612245097,1232.7123461632646,41.037353413041465,223140.07527784724,1.0,trend_ma,0.1,ETHUSDT,2023-03-06 08:00:00+00:00,2023-03-06 08:00:00+00:00,1561.19,1560.409405,50.53419238918575,45.78815855789358,9496.83897614428,9405.267430342052,0.22895900386688456,350,SIGNAL
2023-01-10 04:00:00+00:00,2023-01-10 04:00:00+00:00,5091,17205.31,17213.912655,3.758382690869143,99.64801834743325,16914.9685999577,64.6964713646853,224709.2324018423,1.0,trend_ma,0.1,BTCUSDT,2023-03-06 12:00:00+00:00,2023-03-06 12:00:00+00:00,22379.95,22368.760025000003,84.07036049416563,74.38827799876334,19373.889129480336,19225.122297621485,0.2968618840582368,333,SIGNAL
2023-03-21 04:00:00+00:00,2023-03-21 04:00:00+00:00,5511,22.45,22.461225,476.19823841607234,0.8993664469434465,19.76312565916966,10.695995777667044,256966.03063499474,1.0,trend_ma,0.1,SOLUSDT,2023-03-27 08:00:00+00:00,2023-03-27 08:00:00+00:00,20.44,20.42978,9.728625247227907,10.212071222832641,-967.3705304391372,-987.7951514640321,-0.09225960477483929,38,SIGNAL
2023-04-12 00:00:00+00:00,2023-04-12 00:00:00+00:00,5642,22.99,23.001495,942.1236603266027,0.45801008337614324,21.627464749871567,21.67025266238405,258901.28173009475,1.0,trend_ma,0.1,SOLUSDT,,2023-04-20 16:00:00+00:00,21.627464749871567,21.616651017496633,20.365558380606707,21.017584602320056,-1304.6942817773408,-1346.7300928203315,-0.06208440340188479,53,STOP
2023-03-15 08:00:00+00:00,2023-03-15 08:00:00+00:00,5476,1705.12,1705.9725599999997,10.014998431083923,42.40501345976294,1578.7575196207108,17.08531251187222,254811.6859617711,1.0,trend_ma,0.1,ETHUSDT,2023-05-03 04:00:00+00:00,2023-05-03 04:00:00+00:00,1862.67,1861.738665,18.645309809063278,17.865705626216474,1559.9972971910574,1524.266674870122,0.0891259044797138,294,SIGNAL
2023-04-28 08:00:00+00:00,2023-04-28 08:00:00+00:00,5740,22.62,22.63131,699.0767582957325,0.6136893357760486,20.790241992671852,15.821022830785793,257409.57087298876,1.0,trend_ma,0.1,SOLUSDT,,2023-05-08 00:00:00+00:00,20.790241992671852,20.779846871675517,14.526707988932639,15.173545624533604,-1294.314841853155,-1324.6625726728735,-0.08364435394558539,59,STOP
2023-05-04 08:00:00+00:00,2023-05-04 08:00:00+00:00,5776,1898.4,1899.3491999999999,16.070999240609893,26.566666659696242,1819.6492000209112,30.524439550853007,256171.7278281087,1.0,trend_ma,0.1,ETHUSDT,,2023-05-08 16:00:00+00:00,1819.6492000209112,1818.7393754209008,29.228959121256608,29.876382935037686,-1295.4804295963975,-1355.233828268507,-0.04435396581367708,27,STOP
2023-03-15 08:00:00+00:00,2023-03-15 08:00:00+00:00,5476,24872.54,24884.97627,0.614838207500881,690.7282893101759,22812.791402069473,15.30023420354876,254811.6859617711,1.0,trend_ma,0.1,BTCUSDT,2023-05-10 08:00:00+00:00,2023-05-10 08:00:00+00:00,27542.26,27528.48887,16.925566752038755,16.113310839255938,1625.3325484899947,1593.106747534407,0.10401901115559176,337,SIGNAL
2023-05-30 04:00:00+00:00,2023-05-30 04:00:00+00:00,5931,1900.67,1901.620335,21.662297031723703,19.458896515649972,1843.2436454530502,41.19346453833594,252914.63773894988,1.0,trend_ma,0.1,ETHUSDT,,2023-06-01 00:00:00+00:00,1843.2436454530502,1842.3220236303239,39.908926903966375,40.55088472446018,-1284.5376343695643,-1365.6400258118667,-0.03311874262948111,12,STOP
2023-06-04 16:00:00+00:00,2023-06-04 16:00:00+00:00,5964,22.04,22.051019999999998,1291.998987963337,0.32449586526595153,21.07753240420214,28.489895523559298,251548.99771313803,1.0,trend_ma,0.1,SOLUSDT,,2023-06-05 12:00:00+00:00,21.07753240420214,21.066993638000042,27.218534459726115,27.853904114848753,-1271.3610638331866,-1327.0694938164718,-0.04653382280640872,6,STOP
2023-06-23 20:00:00+00:00,2023-06-23 20:00:00+00:00,6079,1900.83,1901.7804149999997,15.034817384663713,27.975966133901697,1817.8525165982946,28.592921245254967,252368.12518964912,1.0,trend_ma,0.1,ETHUSDT,,2023-06-28 16:00:00+00:00,1817.8525165982946,1816.9435903399956,27.31741507899707,27.954856274294126,-1275.5061662578973,-1331.4165025821494,-0.04651803167494518,30,STOP
2023-06-21 12:00:00+00:00,2023-06-21 12:00:00+00:00,6065,28930.0,28944.465,1.1251534065387567,370.6486107659822,27832.519167702052,32.56696339519181,250221.92821932156,1.0,trend_ma,0.1,BTCUSDT,2023-07-26 08:00:00+00:00,2023-07-26 08:00:00+00:00,29216.61,29202.001695000003,32.8567316848798,32.7119281600881,289.7682896879856,224.344594607914,0.006881835171862211,210,SIGNAL
2023-07-02 20:00:00+00:00,2023-07-02 20:00:00+00:00,6133,19.37,19.379685,672.043978345902,0.6216684589408825,17.51467962317735,13.024000606490402,250673.12661527804,1.0,trend_ma,0.1,SOLUSDT,2023-08-18 20:00:00+00:00,2023-08-18 20:00:00+00:00,21.28,21.269360000000002,14.293945311271196,13.659293859877872,1269.944704780795,1242.6267588630335,0.09531521158490348,283,SIGNAL
2023-10-02 04:00:00+00:00,2023-10-02 04:00:00+00:00,6681,1729.37,1730.234685,23.089923255597196,18.452681906409207,1674.8766392807722,39.95098609082238,255642.6054473613,1.0,trend_ma,0.1,ETHUSDT,,2023-10-02 16:00:00+00:00,1674.8766392807722,1674.0392009611319,38.65343667705379,39.30189682205802,-1297.5494137685996,-1376.1538365364759,-0.034411642665181014,4,STOP
2023-09-30 16:00:00+00:00,2023-09-30 16:00:00+00:00,6672,26996.29,27009.788145,1.8442251246056949,226.25354476335795,26331.027510709926,49.81212990728604,250357.48307021038,1.0,trend_ma,0.1,BTCUSDT,2024-01-19 08:00:00+00:00,2024-01-19 08:00:00+00:00,41284.26,41263.61787,76.09940080798253,62.96235291594387,26287.270900696487,26161.35936998122,0.5246759011204734,665,SIGNAL
2023-10-01 08:00:00+00:00,2023-10-01 08:00:00+00:00,6676,21.37,21.380685,1214.0372209607256,0.3438783709051593,20.349049887284522,25.956947399636668,250488.68505732075,1.0,trend_ma,0.1,SOLUSDT,2024-01-23 08:00:00+00:00,2024-01-23 08:00:00+00:00,82.82,82.77859,100.4962893586473,63.24526902594631,74539.34195901064,74412.88872225235,2.863917279160523,685,SIGNAL
2023-10-23 20:00:00+00:00,2023-10-23 20:00:00+00:00,6811,1708.68,1709.53434,21.238092479629877,20.974336993475973,1646.611329019572,36.30724841002302,267272.94525981887,1.0,trend_ma,0.1,ETHUSDT,2024-01-25 12:00:00+00:00,2024-01-25 12:00:00+00:00,2231.59,2230.4742050000004,47.37101743921894,41.841909327346535,11063.769029195913,10980.090763346672,0.3021193321462724,563,SIGNAL
2024-02-08 08:00:00+00:00,2024-02-08 08:00:00+00:00,7456,2421.2,2422.4105999999997,22.088985280980403,27.379065495702093,2340.2734035128933,53.508592087890904,362865.4648449372,1.0,trend_ma,0.1,ETHUSDT,2024-04-04 04:00:00+00:00,2024-04-04 04:00:00+00:00,3274.38,3272.74281,72.29156775852444,62.90479139331886,18782.975670633547,18657.17551078713,0.348327927283126,336,SIGNAL
2024-04-09 04:00:00+00:00,2024-04-09 04:00:00+00:00,7821,3692.3,3694.14615,11.146556144839765,63.71034828812524,3503.0151051356243,41.17700746821866,426090.58452053036,1.0,trend_ma,0.1,ETHUSDT,,2024-04-09 12:00:00+00:00,3503.0151051356243,3501.2635975830567,39.02703126834321,40.101491899599324,-2149.976199875458,-2230.18023861202,-0.054106707196856826,3,STOP
2024-01-29 08:00:00+00:00,2024-01-29 08:00:00+00:00,7396,96.72,96.76835999999999,226.24783536887978,2.6559051014523396,88.80064469564297,21.89363198219649,360535.6680892541,1.0,trend_ma,0.1,SOLUSDT,2024-04-13 20:00:00+00:00,2024-04-13 20:00:00+00:00,133.73,133.663135,30.240994962368354,26.069406830371666,8347.362980171867,8295.228353227301,0.37850921302387286,454,SIGNAL
2024-02-02 04:00:00+00:00,2024-02-02 04:00:00+00:00,7419,43037.25,43058.768625,1.0167157600351233,591.7979036202731,41283.374914139175,43.77852866874339,361014.1532198872,1.0,trend_ma,0.1,BTCUSDT,2024-04-16 12:00:00+00:00,2024-04-16 12:00:00+00:00,63094.76,63063.212620000006,64.11736214919989,53.95304360559585,20338.83348045649,20230.937589638546,0.4616584311387707,447,SIGNAL
2024-05-16 16:00:00+00:00,2024-05-16 16:00:00+00:00,8046,160.46,160.54023,167.39430227924282,4.037262357829731,148.42844292651083,26.873519788599168,405488.8293042951,1.0,trend_ma,0.1,SOLUSDT,,2024-06-11 12:00:00+00:00,148.42844292651083,148.35422870504757,24.833652604256656,25.853082692901776,-2039.867184342512,-2091.574356735368,-0.07775255672872253,156,STOP
2024-05-21 04:00:00+00:00,2024-05-21 04:00:00+00:00,8073,3695.9,3697.74795,10.094595723709807,68.07753207792811,3493.5153537662154,37.3272706434267,412329.09851674223,1.0,trend_ma,0.1,ETHUSDT,,2024-06-11 12:00:00+00:00,3493.5153537662154,3491.7685960893323,35.24799233826757,36.28712074304985,-2079.2783051591346,-2151.853568140829,-0.0575907058625277,129,STOP
2024-05-17 16:00:00+00:00,2024-05-17 16:00:00+00:00,8052,67195.09,67228.687545,0.7258929018472504,934.4626922487171,64425.29946825384,48.80082708942215,406991.90120664926,1.0,trend_ma,0.1,BTCUSDT,2024-06-16 08:00:00+00:00,2024-06-16 08:00:00+00:00,66266.3,66233.16685000001,48.07818568327962,48.439337835827345,-722.6414061425304,-819.5204189152321,-0.016776390197195904,179,SIGNAL
2024-07-19 04:00:00+00:00,2024-07-19 04:00:00+00:00,8427,3429.59,3431.304795,11.686447011038997,57.170284466206844,3259.7939416013796,40.09976166549153,400870.50001221127,1.0,trend_ma,0.1,ETHUSDT,,2024-07-25 00:00:00+00:00,3259.7939416013796,3258.164044630579,38.07636146084776,39.08756548500577,-2023.4002046437674,-2101.5763277701067,-0.052356342375120025,36,STOP
2024-07-18 08:00:00+00:00,2024-07-18 08:00:00+00:00,8422,64668.0,64700.333999999995,0.64944884151308,1027.8734811117822,61616.71355666465,42.01955696180934,400530.7449180382,1.0,trend_ma,0.1,BTCUSDT,,2024-08-02 20:00:00+00:00,61616.71355666465,61585.905199886314,39.99689478560054,41.00773046009048,-2022.662176208802,-2104.678627956212,-0.05003803476117783,94,STOP
2024-07-16 04:00:00+00:00,2024-07-16 04:00:00+00:00,8409,157.89,157.968945,196.71112487541387,3.3926727260097067,147.79092682197086,31.074248866332386,400425.8809605037,1.0,trend_ma,0.1,SOLUSDT,,2024-08-03 12:00:00+00:00,147.79092682197086,147.7170313585599,29.057583401799103,30.065419484050988,-2016.665464533282,-2076.7972968014137,-0.06676662026978421,111,STOP
2024-08-25 04:00:00+00:00,2024-08-25 04:00:00+00:00,8649,64101.01,64133.060505,0.7207633559021942,911.401376240933,61398.8563762772,46.22475991386227,394142.8287079759,1.0,trend_ma,0.1,BTCUSDT,,2024-08-27 20:00:00+00:00,61398.8563762772,61368.15694808907,44.231918747437234,45.227852427317636,-1992.8411664250373,-2083.2978450863366,-0.04502384939015651,17,STOP
2024-08-27 00:00:00+00:00,2024-08-27 00:00:00+00:00,8660,157.12,157.19856,201.83857365552063,3.2464911737664823,147.45908647870053,31.728733131101777,393160.28873895825,1.0,trend_ma,0.1,SOLUSDT,,2024-08-27 20:00:00+00:00,147.45908647870053,147.38535693546117,29.748050221563282,30.737904190077927,-1980.6829095384976,-2042.1596928911626,-0.06429880338708001,6,STOP
2024-09-23 20:00:00+00:00,2024-09-23 20:00:00+00:00,8827,2672.97,2674.3064849999996,14.237966734548069,45.59777666045677,2537.5131550186293,38.07668677141617,389531.7763565616,1.0,trend_ma,0.1,ETHUSDT,,2024-10-01 12:00:00+00:00,2537.5131550186293,2536.24439844112,36.11096337568855,37.09334291603293,-1965.723395727621,-2039.9110458747257,-0.053520233652047604,47,STOP
2024-09-22 00:00:00+00:00,2024-09-22 00:00:00+00:00,8816,149.42,149.49470999999997,225.8517015711758,2.8853323593185918,140.83871292204418,33.76363462938946,390994.33377028746,1.0,trend_ma,0.1,SOLUSDT,,2024-10-02 16:00:00+00:00,140.83871292204418,140.76829356558318,31.792758629057758,32.77771210464298,-1970.876000331705,-2036.4323935901523,-0.06025411712706196,65,STOP
2024-10-16 00:00:00+00:00,2024-10-16 00:00:00+00:00,8960,2607.41,2608.7137049999997,15.233880082014023,42.854718554706665,2480.14954933588,39.7408317502765,391706.18604651757,1.0,trend_ma,0.1,ETHUSDT,,2024-10-23 16:00:00+00:00,2480.14954933588,2478.909474561212,37.763409669633894,38.75163604233971,-1977.4220806426067,-2054.926322062517,-0.0516565295239353,47,STOP
2024-10-29 12:00:00+00:00,2024-10-29 12:00:00+00:00,9041,2631.59,2632.905795,16.748210681394866,39.77607110425951,2513.5775816872215,44.09646095892545,399706.8113593685,1.0,trend_ma,0.1,ETHUSDT,,2024-10-31 16:00:00+00:00,2513.5775816872215,2512.320792896378,42.076877938677534,43.08617532458857,-2019.5830202479074,-2105.7563591455105,-0.04770570382957856,14,STOP
2024-10-13 20:00:00+00:00,2024-10-13 20:00:00+00:00,8947,146.02,146.09301,276.4958692311784,2.3298519997786875,139.10345400066393,40.394113788549234,386516.6723152845,1.0,trend_ma,0.1,SOLUSDT,2024-12-17 16:00:00+00:00,2024-12-17 16:00:00+00:00,220.53,220.419735,60.945146224530994,50.67478043333884,20551.03243598176,20449.69317596868,0.5057485360118937,390,SIGNAL
2024-12-17 20:00:00+00:00,2024-12-17 20:00:00+00:00,9337,227.46,227.57372999999998,128.91210998706947,5.73493072880814,210.36893781357557,29.337009711927653,443581.2125282036,1.0,trend_ma,0.1,SOLUSDT,2024-12-18 04:00:00+00:00,2024-12-18 04:00:00+00:00,217.5,217.39125,28.024364730226516,28.680366229918295,-1312.6449817011312,-1370.0063561432855,-0.046652257059055645,3,SIGNAL
2024-11-07 08:00:00+00:00,2024-11-07 08:00:00+00:00,9094,2820.3,2821.71015,10.912494091372686,61.36018446692008,2637.6295965992394,30.791895339441332,401755.590264482,1.0,trend_ma,0.1,ETHUSDT,2024-12-23 08:00:00+00:00,2024-12-23 08:00:00+00:00,3305.2,3303.5474,36.049941483069595,33.422241278347286,5258.046143628264,5191.204306805754,0.16842153532116183,277,SIGNAL
2024-09-19 00:00:00+00:00,2024-09-19 00:00:00+00:00,8798,61759.98,61790.85999,0.6529105774543427,995.5864928462631,58804.100511461205,40.34390607747134,390017.3711699984,1.0,trend_ma,0.1,BTCUSDT,2024-12-30 08:00:00+00:00,2024-12-30 08:00:00+00:00,93731.66,93684.79417000001,61.16779306022595,50.76106823085432,20823.886982754604,20722.375283616904,0.5131301260283033,615,SIGNAL
2025-01-06 00:00:00+00:00,2025-01-06 00:00:00+00:00,9452,3636.0,3637.8179999999998,15.186959158775936,46.8317003320225,3497.3228990039324,55.24739339305995,426738.67216707545,1.0,trend_ma,0.1,ETHUSDT,,2025-01-07 12:00:00+00:00,3497.3228990039324,3495.5742375544305,53.08714318220847,54.1667417667626,-2160.2502108514864,-2268.584747426755,-0.0410212733997048,10,STOP
2025-01-06 16:00:00+00:00,2025-01-06 16:00:00+00:00,9456,221.62,221.73081,184.67384980404998,3.882703998453165,210.0826980046405,40.94788230287034,430220.33702635445,1.0,trend_ma,0.1,SOLUSDT,,2025-01-07 12:00:00+00:00,210.0826980046405,209.97765665563819,38.7773822274297,39.86209960565096,-2170.5000754406396,-2250.22533997094,-0.05489850112348189,6,STOP
2025-01-04 08:00:00+00:00,2025-01-04 08:00:00+00:00,9442,98271.87,98321.005935,0.6270856208524579,1134.2778861133804,94918.17227665985,61.655689049587664,426773.6114595737,1.0,trend_ma,0.1,BTCUSDT,,2025-01-08 08:00:00+00:00,94918.17227665985,94870.71319052154,59.49206008179367,60.57334880177778,-2163.628967794005,-2284.776716925386,-0.03702000995993975,25,STOP
2025-01-18 12:00:00+00:00,2025-01-18 12:00:00+00:00,9527,238.95,239.06947499999998,103.37670414963759,6.799249472816593,218.67172658155022,24.714214388284176,421730.4007145642,1.0,trend_ma,0.1,SOLUSDT,,2025-02-01 20:00:00+00:00,218.67172658155022,218.56239071825945,22.594259603519003,23.653712920632156,-2119.9547847651743,-2167.2632587569774,-0.08760538071656244,87,STOP
2025-01-16 08:00:00+00:00,2025-01-16 08:00:00+00:00,9514,99800.0,99849.9,0.4836809077371097,1447.1318381508688,95508.50448554738,48.29549026945963,419970.0246552506,1.0,trend_ma,0.1,BTCUSDT,,2025-02-03 00:00:00+00:00,95508.50448554738,95460.75023330461,46.17254232611028,47.23349736916809,-2122.9479433493448,-2217.415975944915,-0.0458676527106416,107,STOP
2025-04-19 12:00:00+00:00,2025-04-19 12:00:00+00:00,10073,138.77,138.839385,207.32173507139262,3.340905101575892,128.8166696952723,28.78442219444508,415585.3454205487,1.0,trend_ma,0.1,SOLUSDT,2025-06-03 00:00:00+00:00,2025-06-03 00:00:00+00:00,156.83,156.75158500000003,32.498010577390886,30.64215244354376,3713.5883829458076,3652.3059501739717,0.12675805226290843,268,SIGNAL
2025-04-30 12:00:00+00:00,2025-04-30 12:00:00+00:00,10139,1815.69,1816.597845,21.50267770410967,33.08058881131458,1717.3560785660563,39.06171797901517,426792.7436831242,1.0,trend_ma,0.1,ETHUSDT,2025-06-22 08:00:00+00:00,2025-06-22 08:00:00+00:00,2270.69,2269.5546550000004,48.80150227832682,43.934056058252104,9739.784299311646,9651.921079054304,0.24684727910416276,318,SIGNAL
2025-04-20 16:00:00+00:00,2025-04-20 16:00:00+00:00,10080,84344.65,84386.82232499999,0.8735270227098532,791.7241342312087,82011.64992230636,73.71416966150261,414955.4554695143,1.0,trend_ma,0.1,BTCUSDT,2025-06-22 12:00:00+00:00,2025-06-22 12:00:00+00:00,102739.47,102688.100265,89.70083049221634,81.71151716993988,15986.660830713727,15823.245830560008,0.2144423313015125,378,SIGNAL
2025-07-09 20:00:00+00:00,2025-07-09 20:00:00+00:00,10561,157.26,157.33863,298.63678547766744,2.509726034696412,149.80945189591077,46.987102694660095,449697.90925880964,1.0,trend_ma,0.1,SOLUSDT,2025-08-05 16:00:00+00:00,2025-08-05 16:00:00+00:00,163.77,163.688115,48.88329248449877,47.93568362094891,1896.189789838672,1800.3193946595131,0.03827690516423612,162,SIGNAL
2025-06-25 20:00:00+00:00,2025-06-25 20:00:00+00:00,10477,107761.67,107815.55083499999,0.5791678217513666,1279.7465650386498,103976.31113988404,62.44329772803068,444712.81828033703,1.0,trend_ma,0.1,BTCUSDT,2025-08-21 04:00:00+00:00,2025-08-21 04:00:00+00:00,113954.62,113897.64269000001,65.96584961938278,64.20547036303354,3522.5518913520905,3394.142744004677,0.05430129598185142,339,SIGNAL
2025-09-13 04:00:00+00:00,2025-09-13 04:00:00+00:00,10953,115957.0,116014.9785,0.9126690641819848,913.968475193239,113273.07307442027,105.8832818586881,500490.4517678694,1.0,trend_ma,0.1,BTCUSDT,,2025-09-22 04:00:00+00:00,113273.07307442027,113216.43653788307,103.32913918504882,104.60559813759157,-2554.142673639272,-2763.3550946830087,-0.02607205265763407,55,STOP
2025-07-03 12:00:00+00:00,2025-07-03 12:00:00+00:00,10523,2597.58,2598.8787899999998,16.93141469156187,43.87144682629799,2467.2644495211057,44.00269452659453,445683.39560091426,1.0,trend_ma,0.1,ETHUSDT,2025-09-24 08:00:00+00:00,2025-09-24 08:00:00+00:00,4175.08,4172.99246,70.65466584502092,57.33535751246589,26651.971318426382,26537.313958054765,0.6024813580194994,498,SIGNAL
2025-08-08 12:00:00+00:00,2025-08-08 12:00:00+00:00,10739,177.65,177.738825,214.4562900430048,3.683713165824242,166.68768550252727,38.117209006102875,473997.2754751434,1.0,trend_ma,0.1,SOLUSDT,2025-09-27 08:00:00+00:00,2025-09-27 08:00:00+00:00,202.05,201.94897500000002,43.309227956487526,40.71452666465986,5192.018950384659,5110.592513422069,0.1339417853384345,300,SIGNAL
2025-10-03 00:00:00+00:00,2025-10-03 00:00:00+00:00,11072,234.74,234.85737,174.60803386653106,4.582407554892732,221.1101473353218,41.00798361476442,480075.1041209747,1.0,trend_ma,0.1,SOLUSDT,,2025-10-07 12:00:00+00:00,221.1101473353218,220.99959226165416,38.58830429011247,39.797548981992406,-2419.6793246519514,-2499.275612556828,-0.06088518902022217,28,STOP
2025-10-04 08:00:00+00:00,2025-10-04 08:00:00+00:00,11080,4498.28,4500.52914,11.547173565476742,69.34640119154072,4292.489936425378,51.968391116065774,480452.9584199423,1.0,trend_ma,0.1,ETHUSDT,,2025-10-09 12:00:00+00:00,4292.489936425378,4290.343691457166,49.54134326080409,50.754273115032085,-2427.0478552616837,-2528.557589638554,-0.04860707641379267,32,STOP
2025-10-02 04:00:00+00:00,2025-10-02 04:00:00+00:00,11067,118733.99,118793.356995,0.7935150905843648,1005.6347961053489,115776.45260668395,94.2643214367082,478791.831795795,1.0,trend_ma,0.1,BTCUSDT,,2025-10-10 20:00:00+00:00,115776.45260668395,115718.56438038062,91.82442709659037,93.04378755399335,-2439.894340117832,-2625.9830886511304,-0.027829826693057013,53,STOP
2026-01-05 20:00:00+00:00,2026-01-05 20:00:00+00:00,11641,94303.4,94350.55169999998,0.9264453796687074,848.870394921506,91803.94051523546,87.41063269165849,471859.2331875481,1.0,trend_ma,0.1,BTCUSDT,,2026-01-06 16:00:00+00:00,91803.94051523546,91758.03854497784,85.00881085745789,86.2091428713749,-2401.821834200606,-2574.2412777497225,-0.029420558219881102,6,STOP
2026-01-06 16:00:00+00:00,2026-01-06 16:00:00+00:00,11646,141.59,141.660795,337.16037721457366,2.3342844974410357,134.6579415076769,47.76240707871639,472216.9450100107,1.0,trend_ma,0.1,SOLUSDT,,2026-01-07 16:00:00+00:00,134.6579415076769,134.59061253692306,45.3786216924895,46.5699300817389,-2383.7853862268867,-2476.9264149980927,-0.05180752215768683,7,STOP
2026-01-05 04:00:00+00:00,2026-01-05 04:00:00+00:00,11637,3185.86,3187.45293,22.239475755847007,35.307937761758396,3081.5291167147248,70.8872821596385,471138.0155049485,1.0,trend_ma,0.1,ETHUSDT,,2026-01-08 12:00:00+00:00,3081.5291167147248,3079.9883521563675,68.49732628607272,69.69172415681224,-2389.955873565798,-2529.340482011509,-0.03564551484217957,21,STOP
2026-03-17 00:00:00+00:00,2026-03-17 00:00:00+00:00,12062,2352.97,2354.1464849999998,17.089490961693546,45.31638932292498,2218.197317031225,40.23116507791013,464660.41545042733,1.0,trend_ma,0.1,ETHUSDT,,2026-03-18 12:00:00+00:00,2218.197317031225,2217.0882183727094,37.88890906915766,39.059461274393506,-2342.256008752462,-2420.37608289953,-0.0601016182378072,10,STOP
2026-03-18 00:00:00+00:00,2026-03-18 00:00:00+00:00,12068,94.61,94.657305,402.958044166216,1.916141336419006,88.90888099074297,38.142922488844974,463274.7391616652,1.0,trend_ma,0.1,SOLUSDT,,2026-03-18 12:00:00+00:00,88.90888099074297,88.8644265502476,35.80863551864013,36.975204675799006,-2334.2869702048456,-2408.2385282123305,-0.06307415736747513,4,STOP
2026-03-16 16:00:00+00:00,2026-03-16 16:00:00+00:00,12060,73274.75,73311.38737499999,0.7352861792099638,1050.741694044133,70159.1622928676,53.90484991554532,463557.50733018917,1.0,trend_ma,0.1,BTCUSDT,,2026-03-19 04:00:00+00:00,70159.1622928676,70124.08271172116,51.56126884770492,52.73248666947352,-2343.5810678403923,-2449.0471866036423,-0.045387392597341474,16,STOP
2026-03-21 00:00:00+00:00,2026-03-21 00:00:00+00:00,12086,89.85,89.89492499999999,428.66346529316354,1.774040642117017,84.57280307364894,38.53467006276904,456279.8455324737,1.0,trend_ma,0.1,SOLUSDT,2026-03-22 00:00:00+00:00,2026-03-22 00:00:00+00:00,87.55,87.506225,37.51072164322326,38.02244937149875,-1023.9484195457737,-1099.993811251766,-0.02851704489867029,7,SIGNAL
2026-03-25 12:00:00+00:00,2026-03-25 12:00:00+00:00,12113,92.99,93.03649499999999,396.05375087508065,1.915480119872207,87.29005464038337,36.84745281302068,455179.85172122193,1.0,trend_ma,0.1,SOLUSDT,,2026-03-26 12:00:00+00:00,87.29005464038337,87.2464096130632,34.55426777763738,35.700295924137336,-2293.18503538331,-2364.586755973968,-0.06410821783067168,7,STOP
2026-04-18 00:00:00+00:00,2026-04-18 00:00:00+00:00,12254,88.77,88.81438499999999,464.9655174343916,1.648124699119928,83.8700109026402,41.29562647714226,459792.69211361895,1.0,trend_ma,0.1,SOLUSDT,,2026-04-19 20:00:00+00:00,83.8700109026402,83.82807589718888,38.97716468506588,40.13582599960921,-2318.4617920763826,-2398.734583238591,-0.05802886284628727,12,STOP
2026-04-08 08:00:00+00:00,2026-04-08 08:00:00+00:00,12196,2253.76,2254.88688,19.250144355175888,39.204490852168355,2137.2734074434948,43.406897944592174,452815.264965248,1.0,trend_ma,0.1,ETHUSDT,2026-05-16 08:00:00+00:00,2026-05-16 08:00:00+00:00,2194.81,2193.712595,42.229284127517495,42.817807337048194,-1177.613817074672,-1263.2499991467816,-0.029073443873979254,229,SIGNAL
2026-05-06 16:00:00+00:00,2026-05-06 16:00:00+00:00,12366,88.97,89.014485,661.2917378443431,1.158582492499483,85.53873752250155,58.8645434789692,459696.61794060824,1.0,trend_ma,0.1,SOLUSDT,,2026-05-16 08:00:00+00:00,85.53873752250155,85.49596815374031,56.53777735907154,57.70059315262916,-2326.7661198976652,-2442.168440735706,-0.04144648998926383,59,STOP
2026-04-10 00:00:00+00:00,2026-04-10 00:00:00+00:00,12206,71787.98,71823.87399,0.7460200803720942,1008.7441805406411,68797.64144837807,53.58205224665496,451526.04878508684,1.0,trend_ma,0.1,BTCUSDT,2026-05-23 08:00:00+00:00,2026-05-23 08:00:00+00:00,74609.37,74572.065315,55.63225815980936,54.607681406625105,2050.2059131543974,1940.991602747933,0.036188471118494485,261,SIGNAL
2026-07-02 12:00:00+00:00,2026-07-02 12:00:00+00:00,12707,82.37,82.411185,372.08363307414146,2.0096382625868614,76.38227021223942,30.663853120745195,448652.1035448749,1.0,trend_ma,0.1,SOLUSDT,,2026-07-08 12:00:00+00:00,76.38227021223942,76.3440790771333,28.40638230671931,29.534560729667696,-2257.4708140258845,-2316.541049453349,-0.0754708422818873,37,STOP
2026-07-19 04:00:00+00:00,2026-07-19 04:00:00+00:00,12807,64706.18,64738.53309,1.281412293048861,583.0627086399326,62989.3449640802,82.95675213547646,448286.23348174547,1.0,trend_ma,0.1,BTCUSDT,,2026-07-28 12:00:00+00:00,62989.3449640802,62957.85029159816,80.6749633075837,81.81530772814615,-2281.788827892762,-2445.4205433358225,-0.029448809203383854,57,STOP
2026-08-07 20:00:00+00:00,2026-08-07 20:00:00+00:00,12925,64960.46,64992.94022999999,1.3613292725866872,547.6609716776799,63349.95731496695,88.47679204657594,447328.1473188565,1.0,trend_ma,0.1,BTCUSDT,,2026-08-11 16:00:00+00:00,63349.95731496695,63318.28233630947,86.19703123432666,87.33636353432601,-2279.76081224927,-2454.4346355301727,-0.02771328611899178,24,STOP
2026-07-11 04:00:00+00:00,2026-07-11 04:00:00+00:00,12759,1796.5,1797.39825,28.735208277567477,25.887844520680424,1719.7347164379587,51.6486130714853,446335.56249542156,1.0,trend_ma,0.1,ETHUSDT,,2026-10-02 12:00:00+00:00,2746.63,2745.2566850000003,78.88552261885945,65.2738933910263,27236.90954737416,27106.375411683817,0.5242986114281251,500,END_OF_TEST
2026-08-11 12:00:00+00:00,2026-08-11 12:00:00+00:00,12947,76.24,76.27811999999999,911.0441652266777,0.8153183793650739,73.83216486190477,69.49273616046034,445674.6313935729,1.0,trend_ma,0.1,SOLUSDT,,2026-10-02 12:00:00+00:00,121.82,121.75909,110.92790850780992,90.2207036823841,41435.17234734959,41254.75170268132,0.5930625334618252,312,END_OF_TEST
2026-08-19 20:00:00+00:00,2026-08-19 20:00:00+00:00,12997,68429.44,68463.65471999999,1.173727784419447,646.967029858164,66522.7536304255,80.3576937677636,455617.9071287118,1.0,trend_ma,0.1,BTCUSDT,,2026-10-02 12:00:00+00:00,86424.85,86381.63757500002,101.3885280854284,90.87839135474937,21030.834317664812,20849.088095811618,0.2591943454247207,262,END_OF_TEST
